cycle,accuracy_per_class,precision_per_class,recall_per_class,f1_score_per_class,sensitivity_per_class,specificity_per_class,confusion_matrix,oracle_label,ground_truth_label,oracle_confusion_matrix,oracle_iterations,training_loss
0,"['0.4350', '0.1433', '0.0450', '0.2133', '0.0000', '0.0000', '0.6983', '0.0000', '0.5467', '0.0900']","['0.2859', '0.1614', '0.0961', '0.2003', '0.0000', '0.0000', '0.2058', '0.0000', '0.2430', '0.2213']","['0.4350', '0.1433', '0.0450', '0.2133', '0.0000', '0.0000', '0.6983', '0.0000', '0.5467', '0.0900']","['0.3450', '0.1518', '0.0613', '0.2066', '0.0000', '0.0000', '0.3179', '0.0000', '0.3364', '0.1280']","['0.4350', '0.1433', '0.0450', '0.2133', '0.0000', '0.0000', '0.6983', '0.0000', '0.5467', '0.0900']","['0.8793', '0.9172', '0.9530', '0.9054', '0.9998', '0.9996', '0.7006', '0.9998', '0.8107', '0.9648']","[[261, 26, 22, 29, 0, 0, 51, 0, 193, 18], [61, 86, 27, 55, 0, 1, 118, 0, 222, 30], [108, 62, 27, 65, 0, 0, 264, 0, 56, 18], [78, 67, 21, 128, 1, 0, 228, 1, 51, 25], [38, 49, 14, 61, 0, 0, 377, 0, 46, 15], [114, 47, 25, 112, 0, 0, 203, 0, 77, 22], [30, 41, 17, 55, 0, 0, 419, 0, 27, 11], [42, 77, 39, 63, 0, 1, 240, 0, 108, 30], [147, 23, 19, 45, 0, 0, 17, 0, 328, 21], [34, 55, 70, 26, 0, 0, 119, 0, 242, 54]]",-1,-1,-1,-1,2.097085952758789
1,"['0.2650', '0.1800', '0.1033', '0.1967', '0.1983', '0.0083', '0.5967', '0.0017', '0.4633', '0.1967']","['0.4015', '0.2483', '0.0870', '0.2235', '0.1845', '0.1351', '0.2068', '0.1429', '0.2772', '0.2337']","['0.2650', '0.1800', '0.1033', '0.1967', '0.1983', '0.0083', '0.5967', '0.0017', '0.4633', '0.1967']","['0.3193', '0.2087', '0.0944', '0.2092', '0.1912', '0.0157', '0.3072', '0.0033', '0.3468', '0.2136']","['0.2650', '0.1800', '0.1033', '0.1967', '0.1983', '0.0083', '0.5967', '0.0017', '0.4633', '0.1967']","['0.9561', '0.9394', '0.8794', '0.9241', '0.9026', '0.9941', '0.7457', '0.9989', '0.8657', '0.9283']","[[159, 32, 105, 37, 26, 2, 47, 0, 156, 36], [23, 108, 77, 35, 53, 7, 95, 1, 145, 56], [57, 41, 62, 41, 75, 4, 233, 0, 38, 49], [26, 44, 45, 118, 66, 4, 197, 2, 55, 43], [8, 17, 35, 42, 119, 4, 316, 0, 31, 28], [47, 42, 47, 99, 56, 5, 180, 0, 85, 39], [3, 35, 26, 45, 95, 2, 358, 2, 8, 26], [12, 57, 65, 58, 92, 4, 189, 1, 57, 65], [51, 31, 120, 32, 17, 2, 23, 1, 278, 45], [10, 28, 131, 21, 46, 3, 93, 0, 150, 118]]","[0, 7, 7, 6, 9, 7, 4, 8, 1, 6, 8, 4, 4, 6, 2, 0]","[0, 7, 7, 6, 9, 7, 4, 8, 1, 6, 8, 4, 4, 6, 2, 0]","[[0. 0. 0. 0. 0. 0. 0. 0. 0. 0.]
 [0. 0. 0. 0. 0. 0. 0. 0. 0. 0.]
 [0. 0. 0. 0. 0. 0. 0. 0. 0. 0.]
 [0. 0. 0. 0. 0. 0. 0. 0. 0. 0.]
 [0. 0. 0. 0. 0. 0. 0. 0. 0. 0.]
 [0. 0. 0. 0. 0. 0. 0. 0. 0. 0.]
 [0. 0. 0. 0. 0. 0. 0. 0. 0. 0.]
 [0. 0. 0. 0. 0. 0. 0. 0. 0. 0.]
 [0. 0. 0. 0. 0. 0. 0. 0. 0. 0.]
 [0. 0. 0. 0. 0. 0. 0. 0. 0. 0.]]",0,2.00646710395813
2,"['0.4650', '0.1817', '0.0817', '0.1833', '0.6600', '0.0017', '0.1217', '0.0083', '0.4000', '0.1500']","['0.3563', '0.2922', '0.1056', '0.2439', '0.1796', '0.0667', '0.1816', '0.2381', '0.2715', '0.2239']","['0.4650', '0.1817', '0.0817', '0.1833', '0.6600', '0.0017', '0.1217', '0.0083', '0.4000', '0.1500']","['0.4035', '0.2240', '0.0921', '0.2093', '0.2824', '0.0033', '0.1457', '0.0161', '0.3235', '0.1796']","['0.4650', '0.1817', '0.0817', '0.1833', '0.6600', '0.0017', '0.1217', '0.0083', '0.4000', '0.1500']","['0.9067', '0.9511', '0.9231', '0.9369', '0.6650', '0.9974', '0.9391', '0.9970', '0.8807', '0.9422']","[[279, 30, 49, 17, 59, 0, 13, 0, 118, 35], [49, 109, 53, 31, 138, 2, 17, 4, 149, 48], [80, 30, 49, 32, 297, 1, 42, 0, 41, 28], [42, 34, 42, 110, 236, 1, 68, 0, 44, 23], [29, 12, 30, 29, 396, 2, 53, 1, 31, 17], [45, 38, 36, 104, 208, 1, 55, 3, 76, 34], [6, 27, 18, 42, 407, 1, 73, 2, 7, 17], [19, 45, 56, 45, 284, 2, 49, 5, 37, 58], [175, 26, 46, 22, 30, 0, 9, 0, 240, 52], [59, 22, 85, 19, 150, 5, 23, 6, 141, 90]]","[8, 4, 1, 5, 0, 3, 1, 8, 3, 8, 4, 0, 4, 1, 0, 0]","[8, 4, 1, 5, 0, 3, 1, 8, 3, 8, 4, 0, 4, 1, 0, 0]","[[0. 0. 0. 0. 0. 0. 0. 0. 0. 0.]
 [0. 0. 0. 0. 0. 0. 0. 0. 0. 0.]
 [0. 0. 0. 0. 0. 0. 0. 0. 0. 0.]
 [0. 0. 0. 0. 0. 0. 0. 0. 0. 0.]
 [0. 0. 0. 0. 0. 0. 0. 0. 0. 0.]
 [0. 0. 0. 0. 0. 0. 0. 0. 0. 0.]
 [0. 0. 0. 0. 0. 0. 0. 0. 0. 0.]
 [0. 0. 0. 0. 0. 0. 0. 0. 0. 0.]
 [0. 0. 0. 0. 0. 0. 0. 0. 0. 0.]
 [0. 0. 0. 0. 0. 0. 0. 0. 0. 0.]]",0,1.8854113817214966
3,"['0.3717', '0.2683', '0.0767', '0.2017', '0.2333', '0.1200', '0.5683', '0.1133', '0.3617', '0.1533']","['0.4122', '0.3538', '0.1117', '0.2237', '0.1966', '0.2392', '0.2095', '0.2566', '0.2656', '0.2805']","['0.3717', '0.2683', '0.0767', '0.2017', '0.2333', '0.1200', '0.5683', '0.1133', '0.3617', '0.1533']","['0.3909', '0.3052', '0.0909', '0.2121', '0.2134', '0.1598', '0.3061', '0.1572', '0.3063', '0.1983']","['0.3717', '0.2683', '0.0767', '0.2017', '0.2333', '0.1200', '0.5683', '0.1133', '0.3617', '0.1533']","['0.9411', '0.9456', '0.9322', '0.9222', '0.8941', '0.9576', '0.7617', '0.9635', '0.8889', '0.9563']","[[223, 32, 51, 36, 23, 16, 45, 12, 120, 42], [39, 161, 55, 33, 23, 11, 64, 25, 131, 58], [62, 32, 46, 51, 99, 36, 205, 21, 37, 11], [17, 31, 37, 121, 77, 33, 222, 17, 38, 7], [16, 15, 22, 42, 140, 26, 280, 23, 25, 11], [14, 22, 23, 120, 76, 72, 184, 10, 71, 8], [4, 20, 13, 47, 103, 44, 341, 17, 7, 4], [8, 23, 40, 37, 105, 32, 209, 68, 44, 34], [140, 42, 48, 36, 19, 14, 12, 11, 217, 61], [18, 77, 77, 18, 47, 17, 66, 61, 127, 92]]","[2, 7, 5, 2, 4, 8, 9, 2, 5, 0, 3, 6, 4, 4, 1, 1]","[2, 7, 5, 2, 4, 8, 9, 2, 5, 0, 3, 6, 4, 4, 1, 1]","[[0. 0. 0. 0. 0. 0. 0. 0. 0. 0.]
 [0. 0. 0. 0. 0. 0. 0. 0. 0. 0.]
 [0. 0. 0. 0. 0. 0. 0. 0. 0. 0.]
 [0. 0. 0. 0. 0. 0. 0. 0. 0. 0.]
 [0. 0. 0. 0. 0. 0. 0. 0. 0. 0.]
 [0. 0. 0. 0. 0. 0. 0. 0. 0. 0.]
 [0. 0. 0. 0. 0. 0. 0. 0. 0. 0.]
 [0. 0. 0. 0. 0. 0. 0. 0. 0. 0.]
 [0. 0. 0. 0. 0. 0. 0. 0. 0. 0.]
 [0. 0. 0. 0. 0. 0. 0. 0. 0. 0.]]",0,1.672165036201477
4,"['0.3400', '0.3083', '0.0583', '0.1950', '0.2567', '0.1883', '0.2567', '0.2567', '0.3333', '0.2933']","['0.4130', '0.3038', '0.1691', '0.2484', '0.1827', '0.2494', '0.1887', '0.2245', '0.2759', '0.2529']","['0.3400', '0.3083', '0.0583', '0.1950', '0.2567', '0.1883', '0.2567', '0.2567', '0.3333', '0.2933']","['0.3729', '0.3060', '0.0867', '0.2185', '0.2134', '0.2146', '0.2175', '0.2395', '0.3019', '0.2716']","['0.3400', '0.3083', '0.0583', '0.1950', '0.2567', '0.1883', '0.2567', '0.2567', '0.3333', '0.2933']","['0.9463', '0.9215', '0.9681', '0.9344', '0.8724', '0.9370', '0.8774', '0.9015', '0.9028', '0.9037']","[[204, 34, 34, 32, 43, 16, 32, 22, 112, 71], [23, 185, 19, 28, 36, 11, 33, 40, 113, 112], [41, 41, 35, 30, 154, 64, 90, 69, 44, 32], [10, 38, 20, 117, 77, 63, 127, 73, 39, 36], [14, 33, 17, 38, 154, 54, 140, 100, 21, 29], [7, 29, 8, 99, 86, 113, 105, 59, 61, 33], [7, 73, 5, 36, 137, 66, 154, 91, 7, 24], [16, 36, 24, 36, 104, 32, 87, 154, 28, 83], [134, 41, 30, 41, 18, 16, 13, 7, 200, 100], [38, 99, 15, 14, 34, 18, 35, 71, 100, 176]]","[2, 2, 6, 0, 4, 3, 5, 0, 4, 8, 7, 0, 0, 4, 6, 1]","[2, 2, 6, 0, 4, 3, 5, 0, 4, 8, 7, 0, 0, 4, 6, 1]","[[0. 0. 0. 0. 0. 0. 0. 0. 0. 0.]
 [0. 0. 0. 0. 0. 0. 0. 0. 0. 0.]
 [0. 0. 0. 0. 0. 0. 0. 0. 0. 0.]
 [0. 0. 0. 0. 0. 0. 0. 0. 0. 0.]
 [0. 0. 0. 0. 0. 0. 0. 0. 0. 0.]
 [0. 0. 0. 0. 0. 0. 0. 0. 0. 0.]
 [0. 0. 0. 0. 0. 0. 0. 0. 0. 0.]
 [0. 0. 0. 0. 0. 0. 0. 0. 0. 0.]
 [0. 0. 0. 0. 0. 0. 0. 0. 0. 0.]
 [0. 0. 0. 0. 0. 0. 0. 0. 0. 0.]]",0,1.4037069082260132
5,"['0.4583', '0.3433', '0.0700', '0.1867', '0.5283', '0.1667', '0.1783', '0.1350', '0.2267', '0.2633']","['0.3321', '0.2977', '0.1628', '0.2835', '0.1878', '0.3636', '0.2179', '0.2362', '0.2816', '0.2888']","['0.4583', '0.3433', '0.0700', '0.1867', '0.5283', '0.1667', '0.1783', '0.1350', '0.2267', '0.2633']","['0.3852', '0.3189', '0.0979', '0.2251', '0.2771', '0.2286', '0.1962', '0.1718', '0.2512', '0.2755']","['0.4583', '0.3433', '0.0700', '0.1867', '0.5283', '0.1667', '0.1783', '0.1350', '0.2267', '0.2633']","['0.8976', '0.9100', '0.9600', '0.9476', '0.7461', '0.9676', '0.9289', '0.9515', '0.9357', '0.9280']","[[275, 31, 26, 12, 87, 11, 20, 9, 64, 65], [78, 206, 24, 24, 54, 4, 22, 14, 80, 94], [74, 44, 42, 31, 278, 15, 44, 27, 18, 27], [28, 51, 31, 112, 161, 36, 87, 38, 32, 24], [28, 42, 18, 25, 317, 23, 68, 50, 8, 21], [25, 32, 17, 93, 181, 100, 71, 28, 38, 15], [7, 97, 9, 31, 265, 23, 107, 41, 6, 14], [22, 38, 38, 34, 245, 31, 43, 81, 23, 45], [236, 41, 19, 19, 35, 15, 7, 8, 136, 84], [55, 110, 34, 14, 65, 17, 22, 47, 78, 158]]","[4, 8, 2, 3, 6, 9, 2, 4, 4, 7, 3, 0, 0, 8, 7, 3]","[4, 8, 2, 3, 6, 9, 2, 4, 4, 7, 3, 0, 0, 8, 7, 3]","[[0. 0. 0. 0. 0. 0. 0. 0. 0. 0.]
 [0. 0. 0. 0. 0. 0. 0. 0. 0. 0.]
 [0. 0. 0. 0. 0. 0. 0. 0. 0. 0.]
 [0. 0. 0. 0. 0. 0. 0. 0. 0. 0.]
 [0. 0. 0. 0. 0. 0. 0. 0. 0. 0.]
 [0. 0. 0. 0. 0. 0. 0. 0. 0. 0.]
 [0. 0. 0. 0. 0. 0. 0. 0. 0. 0.]
 [0. 0. 0. 0. 0. 0. 0. 0. 0. 0.]
 [0. 0. 0. 0. 0. 0. 0. 0. 0. 0.]
 [0. 0. 0. 0. 0. 0. 0. 0. 0. 0.]]",0,1.3469836711883545
6,"['0.3217', '0.2700', '0.0383', '0.1700', '0.3233', '0.2583', '0.3350', '0.1617', '0.3400', '0.3417']","['0.3868', '0.3560', '0.1402', '0.2500', '0.1865', '0.2437', '0.1861', '0.2546', '0.3096', '0.3024']","['0.3217', '0.2700', '0.0383', '0.1700', '0.3233', '0.2583', '0.3350', '0.1617', '0.3400', '0.3417']","['0.3512', '0.3071', '0.0602', '0.2024', '0.2366', '0.2508', '0.2393', '0.1978', '0.3241', '0.3208']","['0.3217', '0.2700', '0.0383', '0.1700', '0.3233', '0.2583', '0.3350', '0.1617', '0.3400', '0.3417']","['0.9433', '0.9457', '0.9739', '0.9433', '0.8433', '0.9109', '0.8372', '0.9474', '0.9157', '0.9124']","[[193, 36, 27, 26, 57, 14, 50, 23, 124, 50], [26, 162, 10, 17, 36, 22, 72, 27, 100, 128], [46, 22, 23, 30, 177, 81, 118, 31, 30, 42], [11, 17, 22, 102, 90, 73, 169, 37, 38, 41], [24, 17, 16, 40, 194, 64, 160, 50, 17, 18], [9, 17, 7, 91, 100, 155, 127, 31, 42, 21], [5, 28, 6, 28, 176, 93, 201, 38, 2, 23], [18, 27, 23, 41, 146, 65, 102, 97, 24, 57], [130, 45, 21, 23, 19, 31, 26, 8, 204, 93], [37, 84, 9, 10, 45, 38, 55, 39, 78, 205]]","[1, 3, 7, 8, 6, 5, 1, 2, 6, 9, 7, 7, 0, 2, 8, 0]","[1, 3, 7, 8, 6, 5, 1, 2, 6, 9, 7, 7, 0, 2, 8, 0]","[[0. 0. 0. 0. 0. 0. 0. 0. 0. 0.]
 [0. 0. 0. 0. 0. 0. 0. 0. 0. 0.]
 [0. 0. 0. 0. 0. 0. 0. 0. 0. 0.]
 [0. 0. 0. 0. 0. 0. 0. 0. 0. 0.]
 [0. 0. 0. 0. 0. 0. 0. 0. 0. 0.]
 [0. 0. 0. 0. 0. 0. 0. 0. 0. 0.]
 [0. 0. 0. 0. 0. 0. 0. 0. 0. 0.]
 [0. 0. 0. 0. 0. 0. 0. 0. 0. 0.]
 [0. 0. 0. 0. 0. 0. 0. 0. 0. 0.]
 [0. 0. 0. 0. 0. 0. 0. 0. 0. 0.]]",0,1.1907660961151123
7,"['0.4433', '0.3033', '0.0750', '0.1233', '0.4367', '0.1583', '0.2683', '0.2233', '0.2683', '0.3417']","['0.3152', '0.3776', '0.1312', '0.2671', '0.1986', '0.3626', '0.2196', '0.2491', '0.2762', '0.3312']","['0.4433', '0.3033', '0.0750', '0.1233', '0.4367', '0.1583', '0.2683', '0.2233', '0.2683', '0.3417']","['0.3684', '0.3364', '0.0954', '0.1688', '0.2731', '0.2204', '0.2416', '0.2355', '0.2722', '0.3363']","['0.4433', '0.3033', '0.0750', '0.1233', '0.4367', '0.1583', '0.2683', '0.2233', '0.2683', '0.3417']","['0.8930', '0.9444', '0.9448', '0.9624', '0.8043', '0.9691', '0.8941', '0.9252', '0.9219', '0.9233']","[[266, 35, 39, 12, 57, 7, 39, 20, 86, 39], [63, 182, 29, 11, 42, 9, 26, 22, 91, 125], [81, 25, 45, 22, 225, 19, 76, 50, 23, 34], [34, 29, 36, 74, 126, 35, 126, 60, 41, 39], [31, 24, 33, 27, 262, 17, 89, 88, 13, 16], [39, 18, 25, 65, 136, 95, 103, 52, 50, 17], [10, 39, 26, 22, 234, 15, 161, 64, 11, 18], [40, 21, 52, 27, 158, 32, 63, 134, 28, 45], [224, 36, 23, 9, 21, 16, 18, 11, 161, 81], [56, 73, 35, 8, 58, 17, 32, 37, 79, 205]]","[2, 4, 9, 2, 4, 8, 0, 8, 8, 3, 4, 5, 5, 8, 5, 7]","[2, 4, 9, 2, 4, 8, 0, 8, 8, 3, 4, 5, 5, 8, 5, 7]","[[0. 0. 0. 0. 0. 0. 0. 0. 0. 0.]
 [0. 0. 0. 0. 0. 0. 0. 0. 0. 0.]
 [0. 0. 0. 0. 0. 0. 0. 0. 0. 0.]
 [0. 0. 0. 0. 0. 0. 0. 0. 0. 0.]
 [0. 0. 0. 0. 0. 0. 0. 0. 0. 0.]
 [0. 0. 0. 0. 0. 0. 0. 0. 0. 0.]
 [0. 0. 0. 0. 0. 0. 0. 0. 0. 0.]
 [0. 0. 0. 0. 0. 0. 0. 0. 0. 0.]
 [0. 0. 0. 0. 0. 0. 0. 0. 0. 0.]
 [0. 0. 0. 0. 0. 0. 0. 0. 0. 0.]]",0,1.0952938795089722
8,"['0.4750', '0.3383', '0.0800', '0.1833', '0.3617', '0.2467', '0.2750', '0.1833', '0.3700', '0.2683']","['0.3209', '0.3406', '0.1395', '0.2918', '0.2123', '0.2766', '0.2492', '0.2910', '0.2887', '0.3753']","['0.4750', '0.3383', '0.0800', '0.1833', '0.3617', '0.2467', '0.2750', '0.1833', '0.3700', '0.2683']","['0.3831', '0.3395', '0.1017', '0.2252', '0.2676', '0.2608', '0.2615', '0.2249', '0.3243', '0.3129']","['0.4750', '0.3383', '0.0800', '0.1833', '0.3617', '0.2467', '0.2750', '0.1833', '0.3700', '0.2683']","['0.8883', '0.9272', '0.9452', '0.9506', '0.8509', '0.9283', '0.9080', '0.9504', '0.8987', '0.9504']","[[285, 35, 35, 12, 39, 17, 25, 11, 119, 22], [66, 203, 22, 15, 25, 13, 31, 12, 136, 77], [83, 37, 48, 30, 180, 58, 62, 44, 31, 27], [37, 43, 38, 110, 100, 69, 101, 34, 34, 34], [51, 27, 39, 29, 217, 54, 96, 58, 16, 13], [40, 31, 32, 85, 93, 148, 82, 43, 34, 12], [12, 46, 27, 22, 207, 59, 165, 38, 7, 17], [69, 32, 62, 37, 117, 61, 63, 110, 28, 21], [186, 53, 21, 27, 13, 23, 7, 3, 222, 45], [59, 89, 20, 10, 31, 33, 30, 25, 142, 161]]","[2, 2, 6, 4, 2, 3, 5, 2, 0, 9, 1, 8, 1, 9, 1, 4]","[2, 2, 6, 4, 2, 3, 5, 2, 0, 9, 1, 8, 1, 9, 1, 4]","[[0. 0. 0. 0. 0. 0. 0. 0. 0. 0.]
 [0. 0. 0. 0. 0. 0. 0. 0. 0. 0.]
 [0. 0. 0. 0. 0. 0. 0. 0. 0. 0.]
 [0. 0. 0. 0. 0. 0. 0. 0. 0. 0.]
 [0. 0. 0. 0. 0. 0. 0. 0. 0. 0.]
 [0. 0. 0. 0. 0. 0. 0. 0. 0. 0.]
 [0. 0. 0. 0. 0. 0. 0. 0. 0. 0.]
 [0. 0. 0. 0. 0. 0. 0. 0. 0. 0.]
 [0. 0. 0. 0. 0. 0. 0. 0. 0. 0.]
 [0. 0. 0. 0. 0. 0. 0. 0. 0. 0.]]",0,1.0320683717727661
9,"['0.2100', '0.2767', '0.1350', '0.2200', '0.4267', '0.2150', '0.1417', '0.1250', '0.5317', '0.3067']","['0.4565', '0.3943', '0.1317', '0.2467', '0.2110', '0.2467', '0.1749', '0.2560', '0.2884', '0.3459']","['0.2100', '0.2767', '0.1350', '0.2200', '0.4267', '0.2150', '0.1417', '0.1250', '0.5317', '0.3067']","['0.2877', '0.3252', '0.1333', '0.2326', '0.2824', '0.2297', '0.1565', '0.1680', '0.3740', '0.3251']","['0.2100', '0.2767', '0.1350', '0.2200', '0.4267', '0.2150', '0.1417', '0.1250', '0.5317', '0.3067']","['0.9722', '0.9528', '0.9011', '0.9254', '0.8228', '0.9270', '0.9257', '0.9596', '0.8543', '0.9356']","[[126, 43, 62, 25, 43, 19, 38, 16, 202, 26], [17, 166, 52, 28, 35, 16, 28, 19, 141, 98], [32, 21, 81, 47, 196, 56, 64, 21, 49, 33], [7, 26, 49, 132, 106, 61, 86, 32, 63, 38], [12, 16, 76, 47, 256, 60, 57, 34, 29, 13], [5, 17, 50, 110, 129, 129, 50, 24, 69, 17], [3, 19, 68, 54, 201, 104, 85, 31, 12, 23], [11, 18, 85, 44, 194, 38, 37, 75, 62, 36], [39, 44, 45, 26, 16, 18, 18, 11, 319, 64], [24, 51, 47, 22, 37, 22, 23, 30, 160, 184]]","[6, 3, 7, 0, 1, 6, 3, 2, 6, 4, 5, 5, 7, 1, 9, 4]","[6, 3, 7, 0, 1, 6, 3, 2, 6, 4, 5, 5, 7, 1, 9, 4]","[[0. 0. 0. 0. 0. 0. 0. 0. 0. 0.]
 [0. 0. 0. 0. 0. 0. 0. 0. 0. 0.]
 [0. 0. 0. 0. 0. 0. 0. 0. 0. 0.]
 [0. 0. 0. 0. 0. 0. 0. 0. 0. 0.]
 [0. 0. 0. 0. 0. 0. 0. 0. 0. 0.]
 [0. 0. 0. 0. 0. 0. 0. 0. 0. 0.]
 [0. 0. 0. 0. 0. 0. 0. 0. 0. 0.]
 [0. 0. 0. 0. 0. 0. 0. 0. 0. 0.]
 [0. 0. 0. 0. 0. 0. 0. 0. 0. 0.]
 [0. 0. 0. 0. 0. 0. 0. 0. 0. 0.]]",0,1.0178145468235016
10,"['0.5200', '0.3533', '0.1517', '0.2233', '0.3667', '0.1583', '0.2500', '0.1667', '0.2733', '0.1733']","['0.3177', '0.3392', '0.1402', '0.2617', '0.2052', '0.2714', '0.2199', '0.3145', '0.2976', '0.4015']","['0.5200', '0.3533', '0.1517', '0.2233', '0.3667', '0.1583', '0.2500', '0.1667', '0.2733', '0.1733']","['0.3944', '0.3461', '0.1457', '0.2410', '0.2632', '0.2000', '0.2340', '0.2179', '0.2850', '0.2421']","['0.5200', '0.3533', '0.1517', '0.2233', '0.3667', '0.1583', '0.2500', '0.1667', '0.2733', '0.1733']","['0.8759', '0.9235', '0.8967', '0.9300', '0.8422', '0.9528', '0.9015', '0.9596', '0.9283', '0.9713']","[[312, 56, 54, 17, 44, 10, 27, 8, 61, 11], [86, 212, 57, 18, 31, 6, 46, 14, 84, 46], [81, 27, 91, 46, 166, 51, 73, 30, 21, 14], [39, 30, 55, 134, 100, 40, 105, 37, 39, 21], [47, 24, 74, 53, 220, 34, 86, 48, 12, 2], [37, 24, 57, 116, 124, 95, 77, 30, 31, 9], [13, 32, 64, 57, 188, 47, 150, 27, 5, 17], [62, 30, 102, 40, 143, 35, 50, 100, 28, 10], [213, 83, 36, 16, 20, 14, 25, 4, 164, 25], [92, 107, 59, 15, 36, 18, 43, 20, 106, 104]]","[3, 6, 7, 9, 6, 1, 2, 3, 3, 6, 3, 7, 6, 7, 8, 9]","[3, 6, 7, 9, 6, 1, 2, 3, 3, 6, 3, 7, 6, 7, 8, 9]","[[0. 0. 0. 0. 0. 0. 0. 0. 0. 0.]
 [0. 0. 0. 0. 0. 0. 0. 0. 0. 0.]
 [0. 0. 0. 0. 0. 0. 0. 0. 0. 0.]
 [0. 0. 0. 0. 0. 0. 0. 0. 0. 0.]
 [0. 0. 0. 0. 0. 0. 0. 0. 0. 0.]
 [0. 0. 0. 0. 0. 0. 0. 0. 0. 0.]
 [0. 0. 0. 0. 0. 0. 0. 0. 0. 0.]
 [0. 0. 0. 0. 0. 0. 0. 0. 0. 0.]
 [0. 0. 0. 0. 0. 0. 0. 0. 0. 0.]
 [0. 0. 0. 0. 0. 0. 0. 0. 0. 0.]]",0,1.0904503166675568
11,"['0.4267', '0.3300', '0.0833', '0.1783', '0.4233', '0.1633', '0.3200', '0.1833', '0.3400', '0.3250']","['0.3180', '0.4286', '0.1684', '0.3075', '0.1946', '0.2456', '0.2503', '0.2709', '0.2935', '0.3779']","['0.4267', '0.3300', '0.0833', '0.1783', '0.4233', '0.1633', '0.3200', '0.1833', '0.3400', '0.3250']","['0.3644', '0.3729', '0.1115', '0.2257', '0.2667', '0.1962', '0.2809', '0.2187', '0.3151', '0.3495']","['0.4267', '0.3300', '0.0833', '0.1783', '0.4233', '0.1633', '0.3200', '0.1833', '0.3400', '0.3250']","['0.8983', '0.9511', '0.9543', '0.9554', '0.8054', '0.9443', '0.8935', '0.9452', '0.9091', '0.9406']","[[256, 31, 46, 9, 63, 16, 23, 19, 104, 33], [37, 198, 18, 15, 41, 10, 44, 29, 100, 108], [86, 20, 50, 22, 213, 44, 68, 40, 38, 19], [52, 21, 22, 107, 122, 43, 121, 41, 41, 30], [49, 17, 30, 24, 254, 45, 106, 42, 21, 12], [37, 14, 24, 94, 133, 98, 97, 36, 55, 12], [16, 20, 11, 29, 222, 49, 192, 35, 6, 20], [69, 14, 40, 28, 178, 49, 65, 110, 30, 17], [162, 48, 32, 11, 25, 21, 14, 13, 204, 70], [41, 79, 24, 9, 54, 24, 37, 41, 96, 195]]","[7, 7, 3, 1, 9, 6, 7, 9, 4, 6, 8, 9, 5, 4, 4, 8]","[7, 7, 3, 1, 9, 6, 7, 9, 4, 6, 8, 9, 5, 4, 4, 8]","[[0. 0. 0. 0. 0. 0. 0. 0. 0. 0.]
 [0. 0. 0. 0. 0. 0. 0. 0. 0. 0.]
 [0. 0. 0. 0. 0. 0. 0. 0. 0. 0.]
 [0. 0. 0. 0. 0. 0. 0. 0. 0. 0.]
 [0. 0. 0. 0. 0. 0. 0. 0. 0. 0.]
 [0. 0. 0. 0. 0. 0. 0. 0. 0. 0.]
 [0. 0. 0. 0. 0. 0. 0. 0. 0. 0.]
 [0. 0. 0. 0. 0. 0. 0. 0. 0. 0.]
 [0. 0. 0. 0. 0. 0. 0. 0. 0. 0.]
 [0. 0. 0. 0. 0. 0. 0. 0. 0. 0.]]",0,0.8225529491901398
12,"['0.4983', '0.2733', '0.1017', '0.1950', '0.2733', '0.2183', '0.3217', '0.1900', '0.2400', '0.3450']","['0.3304', '0.3565', '0.1459', '0.2522', '0.1868', '0.2106', '0.2198', '0.3106', '0.3144', '0.3764']","['0.4983', '0.2733', '0.1017', '0.1950', '0.2733', '0.2183', '0.3217', '0.1900', '0.2400', '0.3450']","['0.3973', '0.3094', '0.1198', '0.2199', '0.2219', '0.2144', '0.2612', '0.2358', '0.2722', '0.3600']","['0.4983', '0.2733', '0.1017', '0.1950', '0.2733', '0.2183', '0.3217', '0.1900', '0.2400', '0.3450']","['0.8878', '0.9452', '0.9339', '0.9357', '0.8678', '0.9091', '0.8731', '0.9531', '0.9419', '0.9365']","[[299, 33, 61, 15, 46, 25, 22, 17, 47, 35], [86, 164, 43, 18, 31, 18, 44, 22, 66, 108], [71, 26, 61, 38, 127, 89, 109, 35, 18, 26], [38, 28, 30, 117, 88, 66, 128, 34, 32, 39], [34, 22, 38, 43, 164, 93, 134, 51, 13, 8], [34, 19, 31, 106, 95, 131, 103, 30, 36, 15], [10, 22, 20, 64, 132, 107, 193, 23, 2, 27], [54, 25, 46, 33, 137, 55, 87, 114, 28, 21], [219, 46, 50, 16, 18, 16, 20, 7, 144, 64], [60, 75, 38, 14, 40, 22, 38, 34, 72, 207]]","[9, 7, 0, 2, 5, 6, 4, 8, 5, 7, 9, 4, 8, 4, 4, 9]","[9, 7, 0, 2, 5, 6, 4, 8, 5, 7, 9, 4, 8, 4, 4, 9]","[[0. 0. 0. 0. 0. 0. 0. 0. 0. 0.]
 [0. 0. 0. 0. 0. 0. 0. 0. 0. 0.]
 [0. 0. 0. 0. 0. 0. 0. 0. 0. 0.]
 [0. 0. 0. 0. 0. 0. 0. 0. 0. 0.]
 [0. 0. 0. 0. 0. 0. 0. 0. 0. 0.]
 [0. 0. 0. 0. 0. 0. 0. 0. 0. 0.]
 [0. 0. 0. 0. 0. 0. 0. 0. 0. 0.]
 [0. 0. 0. 0. 0. 0. 0. 0. 0. 0.]
 [0. 0. 0. 0. 0. 0. 0. 0. 0. 0.]
 [0. 0. 0. 0. 0. 0. 0. 0. 0. 0.]]",0,0.8255387246608734
13,"['0.4383', '0.3450', '0.1283', '0.1767', '0.2733', '0.1783', '0.3850', '0.2650', '0.3567', '0.2833']","['0.3730', '0.3798', '0.1598', '0.2857', '0.1957', '0.2816', '0.2305', '0.2917', '0.3166', '0.3728']","['0.4383', '0.3450', '0.1283', '0.1767', '0.2733', '0.1783', '0.3850', '0.2650', '0.3567', '0.2833']","['0.4031', '0.3616', '0.1423', '0.2183', '0.2281', '0.2184', '0.2884', '0.2777', '0.3354', '0.3220']","['0.4383', '0.3450', '0.1283', '0.1767', '0.2733', '0.1783', '0.3850', '0.2650', '0.3567', '0.2833']","['0.9181', '0.9374', '0.9250', '0.9509', '0.8752', '0.9494', '0.8572', '0.9285', '0.9144', '0.9470']","[[263, 44, 48, 7, 46, 19, 34, 27, 89, 23], [43, 207, 35, 14, 19, 12, 60, 25, 110, 75], [63, 25, 77, 32, 138, 48, 118, 49, 27, 23], [23, 23, 39, 106, 75, 48, 149, 62, 35, 40], [29, 18, 64, 35, 164, 33, 152, 75, 16, 14], [21, 19, 48, 82, 102, 107, 111, 52, 41, 17], [8, 28, 30, 44, 143, 39, 231, 44, 10, 23], [45, 21, 69, 32, 117, 34, 67, 159, 33, 23], [173, 62, 32, 11, 11, 18, 25, 6, 214, 48], [37, 98, 40, 8, 23, 22, 55, 46, 101, 170]]","[1, 7, 6, 9, 7, 4, 4, 0, 6, 2, 8, 4, 2, 7, 1, 7]","[1, 7, 6, 9, 7, 4, 4, 0, 6, 2, 8, 4, 2, 7, 1, 7]","[[0. 0. 0. 0. 0. 0. 0. 0. 0. 0.]
 [0. 0. 0. 0. 0. 0. 0. 0. 0. 0.]
 [0. 0. 0. 0. 0. 0. 0. 0. 0. 0.]
 [0. 0. 0. 0. 0. 0. 0. 0. 0. 0.]
 [0. 0. 0. 0. 0. 0. 0. 0. 0. 0.]
 [0. 0. 0. 0. 0. 0. 0. 0. 0. 0.]
 [0. 0. 0. 0. 0. 0. 0. 0. 0. 0.]
 [0. 0. 0. 0. 0. 0. 0. 0. 0. 0.]
 [0. 0. 0. 0. 0. 0. 0. 0. 0. 0.]
 [0. 0. 0. 0. 0. 0. 0. 0. 0. 0.]]",0,0.8571754395961761
14,"['0.3717', '0.3500', '0.0900', '0.2367', '0.3667', '0.1817', '0.2700', '0.2767', '0.3700', '0.3417']","['0.3905', '0.3371', '0.1753', '0.2387', '0.1977', '0.2795', '0.2867', '0.3068', '0.3144', '0.3486']","['0.3717', '0.3500', '0.0900', '0.2367', '0.3667', '0.1817', '0.2700', '0.2767', '0.3700', '0.3417']","['0.3809', '0.3434', '0.1189', '0.2377', '0.2569', '0.2202', '0.2781', '0.2910', '0.3400', '0.3451']","['0.3717', '0.3500', '0.0900', '0.2367', '0.3667', '0.1817', '0.2700', '0.2767', '0.3700', '0.3417']","['0.9356', '0.9235', '0.9530', '0.9161', '0.8346', '0.9480', '0.9254', '0.9306', '0.9104', '0.9291']","[[223, 47, 27, 22, 56, 22, 16, 28, 120, 39], [37, 210, 14, 16, 35, 13, 30, 27, 89, 129], [52, 29, 54, 63, 182, 43, 58, 53, 41, 25], [21, 39, 28, 142, 100, 45, 85, 54, 44, 42], [19, 23, 42, 71, 220, 33, 78, 78, 21, 15], [18, 23, 26, 130, 123, 109, 62, 38, 51, 20], [7, 45, 22, 80, 167, 41, 162, 42, 6, 28], [40, 31, 50, 34, 156, 41, 38, 166, 26, 18], [128, 75, 15, 24, 30, 16, 14, 9, 222, 67], [26, 101, 30, 13, 44, 27, 22, 46, 86, 205]]","[3, 3, 7, 2, 7, 7, 4, 1, 6, 4, 6, 2, 4, 2, 4, 3]","[3, 3, 7, 2, 7, 7, 4, 1, 6, 4, 6, 2, 4, 2, 4, 3]","[[0. 0. 0. 0. 0. 0. 0. 0. 0. 0.]
 [0. 0. 0. 0. 0. 0. 0. 0. 0. 0.]
 [0. 0. 0. 0. 0. 0. 0. 0. 0. 0.]
 [0. 0. 0. 0. 0. 0. 0. 0. 0. 0.]
 [0. 0. 0. 0. 0. 0. 0. 0. 0. 0.]
 [0. 0. 0. 0. 0. 0. 0. 0. 0. 0.]
 [0. 0. 0. 0. 0. 0. 0. 0. 0. 0.]
 [0. 0. 0. 0. 0. 0. 0. 0. 0. 0.]
 [0. 0. 0. 0. 0. 0. 0. 0. 0. 0.]
 [0. 0. 0. 0. 0. 0. 0. 0. 0. 0.]]",0,0.8972277939319611
15,"['0.4667', '0.3117', '0.1200', '0.1950', '0.3817', '0.1600', '0.3067', '0.2433', '0.2883', '0.3233']","['0.3504', '0.3880', '0.1261', '0.2734', '0.2132', '0.2945', '0.2606', '0.2885', '0.3192', '0.3428']","['0.4667', '0.3117', '0.1200', '0.1950', '0.3817', '0.1600', '0.3067', '0.2433', '0.2883', '0.3233']","['0.4003', '0.3457', '0.1230', '0.2276', '0.2736', '0.2073', '0.2818', '0.2640', '0.3030', '0.3328']","['0.4667', '0.3117', '0.1200', '0.1950', '0.3817', '0.1600', '0.3067', '0.2433', '0.2883', '0.3233']","['0.9039', '0.9454', '0.9076', '0.9424', '0.8435', '0.9574', '0.9033', '0.9333', '0.9317', '0.9311']","[[280, 39, 62, 15, 50, 17, 25, 18, 68, 26], [56, 187, 56, 20, 31, 17, 31, 30, 66, 106], [65, 26, 72, 36, 189, 33, 79, 47, 24, 29], [29, 21, 41, 117, 102, 40, 107, 55, 39, 49], [29, 20, 67, 41, 229, 27, 97, 60, 14, 16], [32, 20, 54, 96, 107, 96, 81, 42, 49, 23], [8, 28, 41, 48, 166, 35, 184, 43, 4, 43], [47, 17, 85, 34, 141, 28, 54, 146, 29, 19], [202, 50, 43, 10, 20, 18, 12, 11, 173, 61], [51, 74, 50, 11, 39, 15, 36, 54, 76, 194]]","[8, 3, 3, 7, 4, 6, 9, 4, 0, 5, 3, 0, 6, 6, 1, 7]","[8, 3, 3, 7, 4, 6, 9, 4, 0, 5, 3, 0, 6, 6, 1, 7]","[[0. 0. 0. 0. 0. 0. 0. 0. 0. 0.]
 [0. 0. 0. 0. 0. 0. 0. 0. 0. 0.]
 [0. 0. 0. 0. 0. 0. 0. 0. 0. 0.]
 [0. 0. 0. 0. 0. 0. 0. 0. 0. 0.]
 [0. 0. 0. 0. 0. 0. 0. 0. 0. 0.]
 [0. 0. 0. 0. 0. 0. 0. 0. 0. 0.]
 [0. 0. 0. 0. 0. 0. 0. 0. 0. 0.]
 [0. 0. 0. 0. 0. 0. 0. 0. 0. 0.]
 [0. 0. 0. 0. 0. 0. 0. 0. 0. 0.]
 [0. 0. 0. 0. 0. 0. 0. 0. 0. 0.]]",0,0.7563450634479523
16,"['0.4083', '0.3417', '0.0783', '0.2117', '0.3650', '0.1717', '0.3750', '0.2683', '0.3483', '0.3583']","['0.3752', '0.3578', '0.1516', '0.2597', '0.2028', '0.2977', '0.2823', '0.2993', '0.3409', '0.3577']","['0.4083', '0.3417', '0.0783', '0.2117', '0.3650', '0.1717', '0.3750', '0.2683', '0.3483', '0.3583']","['0.3911', '0.3495', '0.1033', '0.2332', '0.2607', '0.2178', '0.3221', '0.2830', '0.3446', '0.3580']","['0.4083', '0.3417', '0.0783', '0.2117', '0.3650', '0.1717', '0.3750', '0.2683', '0.3483', '0.3583']","['0.9244', '0.9319', '0.9513', '0.9330', '0.8406', '0.9550', '0.8941', '0.9302', '0.9252', '0.9285']","[[245, 40, 38, 23, 68, 21, 21, 19, 86, 39], [39, 205, 32, 18, 31, 13, 30, 31, 84, 117], [67, 28, 47, 49, 174, 37, 85, 59, 27, 27], [27, 35, 17, 127, 111, 37, 110, 57, 33, 46], [28, 27, 40, 42, 219, 31, 119, 57, 22, 15], [21, 28, 25, 112, 105, 103, 102, 49, 33, 22], [6, 40, 17, 35, 173, 28, 225, 43, 8, 25], [49, 24, 41, 42, 137, 35, 59, 161, 28, 24], [139, 50, 27, 27, 25, 21, 16, 15, 209, 71], [32, 96, 26, 14, 37, 20, 30, 47, 83, 215]]","[4, 5, 5, 7, 8, 4, 3, 1, 6, 4, 5, 2, 6, 6, 1, 5]","[4, 5, 5, 7, 8, 4, 3, 1, 6, 4, 5, 2, 6, 6, 1, 5]","[[0. 0. 0. 0. 0. 0. 0. 0. 0. 0.]
 [0. 0. 0. 0. 0. 0. 0. 0. 0. 0.]
 [0. 0. 0. 0. 0. 0. 0. 0. 0. 0.]
 [0. 0. 0. 0. 0. 0. 0. 0. 0. 0.]
 [0. 0. 0. 0. 0. 0. 0. 0. 0. 0.]
 [0. 0. 0. 0. 0. 0. 0. 0. 0. 0.]
 [0. 0. 0. 0. 0. 0. 0. 0. 0. 0.]
 [0. 0. 0. 0. 0. 0. 0. 0. 0. 0.]
 [0. 0. 0. 0. 0. 0. 0. 0. 0. 0.]
 [0. 0. 0. 0. 0. 0. 0. 0. 0. 0.]]",0,0.6254986822605133
17,"['0.3800', '0.2683', '0.1017', '0.2267', '0.3950', '0.1900', '0.3617', '0.1900', '0.4000', '0.3317']","['0.3972', '0.3735', '0.1463', '0.2533', '0.2122', '0.2747', '0.2672', '0.3115', '0.3274', '0.3328']","['0.3800', '0.2683', '0.1017', '0.2267', '0.3950', '0.1900', '0.3617', '0.1900', '0.4000', '0.3317']","['0.3884', '0.3123', '0.1200', '0.2392', '0.2761', '0.2246', '0.3074', '0.2360', '0.3601', '0.3322']","['0.3800', '0.2683', '0.1017', '0.2267', '0.3950', '0.1900', '0.3617', '0.1900', '0.4000', '0.3317']","['0.9359', '0.9500', '0.9341', '0.9257', '0.8370', '0.9443', '0.8898', '0.9533', '0.9087', '0.9261']","[[228, 29, 40, 21, 49, 26, 28, 21, 121, 37], [40, 161, 29, 19, 37, 14, 37, 28, 92, 143], [49, 21, 61, 46, 185, 39, 101, 34, 33, 31], [21, 23, 39, 136, 114, 45, 120, 28, 39, 35], [29, 19, 51, 46, 237, 41, 105, 35, 22, 15], [16, 24, 33, 125, 112, 114, 84, 28, 47, 17], [7, 28, 43, 52, 164, 34, 217, 24, 7, 24], [33, 17, 64, 51, 145, 50, 59, 114, 38, 29], [120, 35, 28, 28, 17, 30, 22, 12, 240, 68], [31, 74, 29, 13, 57, 22, 39, 42, 94, 199]]","[2, 2, 9, 4, 3, 4, 0, 4, 3, 5, 5, 9, 7, 2, 4, 2]","[2, 2, 9, 4, 3, 4, 0, 4, 3, 5, 5, 9, 7, 2, 4, 2]","[[0. 0. 0. 0. 0. 0. 0. 0. 0. 0.]
 [0. 0. 0. 0. 0. 0. 0. 0. 0. 0.]
 [0. 0. 0. 0. 0. 0. 0. 0. 0. 0.]
 [0. 0. 0. 0. 0. 0. 0. 0. 0. 0.]
 [0. 0. 0. 0. 0. 0. 0. 0. 0. 0.]
 [0. 0. 0. 0. 0. 0. 0. 0. 0. 0.]
 [0. 0. 0. 0. 0. 0. 0. 0. 0. 0.]
 [0. 0. 0. 0. 0. 0. 0. 0. 0. 0.]
 [0. 0. 0. 0. 0. 0. 0. 0. 0. 0.]
 [0. 0. 0. 0. 0. 0. 0. 0. 0. 0.]]",0,0.7125920057296753
18,"['0.4083', '0.2617', '0.0967', '0.2317', '0.3783', '0.2200', '0.3667', '0.2467', '0.3767', '0.3383']","['0.3971', '0.4349', '0.1514', '0.2451', '0.2219', '0.2500', '0.2817', '0.3296', '0.3096', '0.3619']","['0.4083', '0.2617', '0.0967', '0.2317', '0.3783', '0.2200', '0.3667', '0.2467', '0.3767', '0.3383']","['0.4026', '0.3267', '0.1180', '0.2382', '0.2797', '0.2340', '0.3186', '0.2822', '0.3398', '0.3497']","['0.4083', '0.2617', '0.0967', '0.2317', '0.3783', '0.2200', '0.3667', '0.2467', '0.3767', '0.3383']","['0.9311', '0.9622', '0.9398', '0.9207', '0.8526', '0.9267', '0.8961', '0.9443', '0.9067', '0.9337']","[[245, 30, 38, 28, 52, 21, 26, 22, 100, 38], [41, 157, 38, 19, 28, 23, 36, 23, 102, 133], [57, 13, 58, 53, 161, 62, 93, 46, 35, 22], [21, 10, 38, 139, 94, 69, 112, 38, 45, 34], [26, 11, 41, 41, 227, 56, 108, 52, 24, 14], [18, 12, 30, 127, 103, 132, 80, 36, 51, 11], [9, 11, 27, 54, 157, 64, 220, 29, 12, 17], [39, 8, 46, 56, 138, 50, 55, 148, 36, 24], [135, 46, 23, 29, 25, 17, 18, 16, 226, 65], [26, 63, 44, 21, 38, 34, 33, 39, 99, 203]]","[5, 8, 6, 3, 3, 9, 6, 8, 6, 9, 3, 3, 6, 2, 1, 9]","[5, 8, 6, 3, 3, 9, 6, 8, 6, 9, 3, 3, 6, 2, 1, 9]","[[0. 0. 0. 0. 0. 0. 0. 0. 0. 0.]
 [0. 0. 0. 0. 0. 0. 0. 0. 0. 0.]
 [0. 0. 0. 0. 0. 0. 0. 0. 0. 0.]
 [0. 0. 0. 0. 0. 0. 0. 0. 0. 0.]
 [0. 0. 0. 0. 0. 0. 0. 0. 0. 0.]
 [0. 0. 0. 0. 0. 0. 0. 0. 0. 0.]
 [0. 0. 0. 0. 0. 0. 0. 0. 0. 0.]
 [0. 0. 0. 0. 0. 0. 0. 0. 0. 0.]
 [0. 0. 0. 0. 0. 0. 0. 0. 0. 0.]
 [0. 0. 0. 0. 0. 0. 0. 0. 0. 0.]]",0,0.8034790754318237
19,"['0.4900', '0.2583', '0.1233', '0.1950', '0.4100', '0.1567', '0.2917', '0.2467', '0.3200', '0.3350']","['0.3281', '0.3507', '0.1471', '0.2992', '0.2204', '0.3092', '0.2946', '0.2990', '0.2936', '0.3322']","['0.4900', '0.2583', '0.1233', '0.1950', '0.4100', '0.1567', '0.2917', '0.2467', '0.3200', '0.3350']","['0.3930', '0.2975', '0.1342', '0.2361', '0.2867', '0.2080', '0.2931', '0.2703', '0.3062', '0.3336']","['0.4900', '0.2583', '0.1233', '0.1950', '0.4100', '0.1567', '0.2917', '0.2467', '0.3200', '0.3350']","['0.8885', '0.9469', '0.9206', '0.9493', '0.8389', '0.9611', '0.9224', '0.9357', '0.9144', '0.9252']","[[294, 25, 54, 7, 47, 9, 14, 33, 88, 29], [86, 155, 36, 12, 29, 9, 18, 38, 91, 126], [73, 20, 74, 28, 189, 37, 68, 45, 32, 34], [30, 28, 52, 117, 104, 37, 101, 42, 41, 48], [36, 24, 56, 25, 246, 34, 76, 61, 24, 18], [31, 18, 52, 99, 114, 94, 69, 41, 53, 29], [13, 43, 36, 40, 187, 35, 175, 32, 11, 28], [54, 22, 66, 35, 136, 29, 41, 148, 34, 35], [216, 34, 29, 16, 23, 10, 10, 13, 192, 57], [63, 73, 48, 12, 41, 10, 22, 42, 88, 201]]","[9, 4, 3, 7, 0, 9, 9, 5, 7, 7, 7, 8, 0, 7, 0, 8]","[9, 4, 3, 7, 0, 9, 9, 5, 7, 7, 7, 8, 0, 7, 0, 8]","[[0. 0. 0. 0. 0. 0. 0. 0. 0. 0.]
 [0. 0. 0. 0. 0. 0. 0. 0. 0. 0.]
 [0. 0. 0. 0. 0. 0. 0. 0. 0. 0.]
 [0. 0. 0. 0. 0. 0. 0. 0. 0. 0.]
 [0. 0. 0. 0. 0. 0. 0. 0. 0. 0.]
 [0. 0. 0. 0. 0. 0. 0. 0. 0. 0.]
 [0. 0. 0. 0. 0. 0. 0. 0. 0. 0.]
 [0. 0. 0. 0. 0. 0. 0. 0. 0. 0.]
 [0. 0. 0. 0. 0. 0. 0. 0. 0. 0.]
 [0. 0. 0. 0. 0. 0. 0. 0. 0. 0.]]",0,0.8393048644065857
20,"['0.3583', '0.2750', '0.1300', '0.2000', '0.3417', '0.1683', '0.4017', '0.2467', '0.3700', '0.3233']","['0.3902', '0.3667', '0.1320', '0.2575', '0.2181', '0.2829', '0.2605', '0.3136', '0.3190', '0.3514']","['0.3583', '0.2750', '0.1300', '0.2000', '0.3417', '0.1683', '0.4017', '0.2467', '0.3700', '0.3233']","['0.3736', '0.3143', '0.1310', '0.2251', '0.2662', '0.2111', '0.3161', '0.2761', '0.3426', '0.3368']","['0.3583', '0.2750', '0.1300', '0.2000', '0.3417', '0.1683', '0.4017', '0.2467', '0.3700', '0.3233']","['0.9378', '0.9472', '0.9050', '0.9359', '0.8639', '0.9526', '0.8733', '0.9400', '0.9122', '0.9337']","[[215, 28, 72, 22, 58, 12, 38, 25, 100, 30], [34, 165, 60, 14, 29, 9, 36, 29, 107, 117], [56, 20, 78, 42, 150, 36, 114, 53, 28, 23], [17, 29, 48, 120, 87, 52, 125, 45, 38, 39], [24, 20, 57, 38, 205, 37, 125, 60, 16, 18], [12, 20, 47, 109, 84, 101, 113, 42, 49, 23], [4, 33, 47, 46, 127, 42, 241, 26, 6, 28], [29, 16, 69, 43, 131, 40, 66, 148, 38, 20], [122, 46, 55, 21, 25, 12, 24, 13, 222, 60], [38, 73, 58, 11, 44, 16, 43, 31, 92, 194]]","[3, 9, 5, 4, 4, 7, 5, 3, 5, 1, 5, 2, 5, 2, 7, 4]","[3, 9, 5, 4, 4, 7, 5, 3, 5, 1, 5, 2, 5, 2, 7, 4]","[[0. 0. 0. 0. 0. 0. 0. 0. 0. 0.]
 [0. 0. 0. 0. 0. 0. 0. 0. 0. 0.]
 [0. 0. 0. 0. 0. 0. 0. 0. 0. 0.]
 [0. 0. 0. 0. 0. 0. 0. 0. 0. 0.]
 [0. 0. 0. 0. 0. 0. 0. 0. 0. 0.]
 [0. 0. 0. 0. 0. 0. 0. 0. 0. 0.]
 [0. 0. 0. 0. 0. 0. 0. 0. 0. 0.]
 [0. 0. 0. 0. 0. 0. 0. 0. 0. 0.]
 [0. 0. 0. 0. 0. 0. 0. 0. 0. 0.]
 [0. 0. 0. 0. 0. 0. 0. 0. 0. 0.]]",0,0.6627445816993713
21,"['0.4600', '0.2400', '0.1117', '0.2100', '0.4100', '0.1767', '0.3733', '0.2550', '0.3033', '0.3367']","['0.3543', '0.4126', '0.1229', '0.2603', '0.2220', '0.2797', '0.2811', '0.3208', '0.3268', '0.3848']","['0.4600', '0.2400', '0.1117', '0.2100', '0.4100', '0.1767', '0.3733', '0.2550', '0.3033', '0.3367']","['0.4003', '0.3035', '0.1170', '0.2325', '0.2881', '0.2165', '0.3207', '0.2841', '0.3146', '0.3591']","['0.4600', '0.2400', '0.1117', '0.2100', '0.4100', '0.1767', '0.3733', '0.2550', '0.3033', '0.3367']","['0.9069', '0.9620', '0.9115', '0.9337', '0.8404', '0.9494', '0.8939', '0.9400', '0.9306', '0.9402']","[[276, 27, 58, 19, 53, 16, 28, 27, 74, 22], [63, 144, 67, 15, 32, 17, 28, 34, 79, 121], [74, 17, 67, 38, 192, 40, 86, 41, 26, 19], [26, 13, 47, 126, 101, 51, 127, 44, 35, 30], [34, 10, 53, 43, 246, 35, 105, 46, 14, 14], [22, 17, 49, 103, 106, 106, 97, 38, 45, 17], [9, 18, 48, 48, 159, 35, 224, 30, 9, 20], [45, 8, 68, 53, 141, 39, 56, 153, 20, 17], [175, 38, 41, 24, 29, 17, 14, 17, 182, 63], [55, 57, 47, 15, 49, 23, 32, 47, 73, 202]]","[3, 8, 9, 1, 7, 4, 3, 1, 4, 9, 5, 1, 9, 7, 3, 2]","[3, 8, 9, 1, 7, 4, 3, 1, 4, 9, 5, 1, 9, 7, 3, 2]","[[0. 0. 0. 0. 0. 0. 0. 0. 0. 0.]
 [0. 0. 0. 0. 0. 0. 0. 0. 0. 0.]
 [0. 0. 0. 0. 0. 0. 0. 0. 0. 0.]
 [0. 0. 0. 0. 0. 0. 0. 0. 0. 0.]
 [0. 0. 0. 0. 0. 0. 0. 0. 0. 0.]
 [0. 0. 0. 0. 0. 0. 0. 0. 0. 0.]
 [0. 0. 0. 0. 0. 0. 0. 0. 0. 0.]
 [0. 0. 0. 0. 0. 0. 0. 0. 0. 0.]
 [0. 0. 0. 0. 0. 0. 0. 0. 0. 0.]
 [0. 0. 0. 0. 0. 0. 0. 0. 0. 0.]]",0,0.7139578759670258
22,"['0.4217', '0.2817', '0.0900', '0.1833', '0.4183', '0.1717', '0.3950', '0.3017', '0.3633', '0.3367']","['0.3922', '0.3588', '0.1617', '0.2402', '0.2315', '0.2822', '0.2970', '0.3153', '0.3123', '0.3525']","['0.4217', '0.2817', '0.0900', '0.1833', '0.4183', '0.1717', '0.3950', '0.3017', '0.3633', '0.3367']","['0.4064', '0.3156', '0.1156', '0.2079', '0.2981', '0.2135', '0.3391', '0.3083', '0.3359', '0.3444']","['0.4217', '0.2817', '0.0900', '0.1833', '0.4183', '0.1717', '0.3950', '0.3017', '0.3633', '0.3367']","['0.9274', '0.9441', '0.9481', '0.9356', '0.8457', '0.9515', '0.8961', '0.9272', '0.9111', '0.9313']","[[253, 32, 29, 18, 59, 17, 16, 35, 106, 35], [46, 169, 37, 16, 31, 13, 38, 32, 86, 132], [50, 22, 54, 46, 176, 34, 95, 56, 38, 29], [28, 24, 29, 110, 114, 46, 118, 63, 39, 29], [21, 21, 33, 35, 251, 36, 108, 54, 24, 17], [19, 28, 34, 93, 101, 103, 93, 51, 62, 16], [9, 40, 26, 47, 162, 25, 237, 25, 6, 23], [30, 14, 45, 57, 136, 46, 48, 181, 27, 16], [148, 50, 22, 20, 18, 21, 11, 18, 218, 74], [41, 71, 25, 16, 36, 24, 34, 59, 92, 202]]","[9, 4, 2, 9, 9, 1, 8, 7, 4, 5, 4, 2, 6, 3, 9, 1]","[9, 4, 2, 9, 9, 1, 8, 7, 4, 5, 4, 2, 6, 3, 9, 1]","[[0. 0. 0. 0. 0. 0. 0. 0. 0. 0.]
 [0. 0. 0. 0. 0. 0. 0. 0. 0. 0.]
 [0. 0. 0. 0. 0. 0. 0. 0. 0. 0.]
 [0. 0. 0. 0. 0. 0. 0. 0. 0. 0.]
 [0. 0. 0. 0. 0. 0. 0. 0. 0. 0.]
 [0. 0. 0. 0. 0. 0. 0. 0. 0. 0.]
 [0. 0. 0. 0. 0. 0. 0. 0. 0. 0.]
 [0. 0. 0. 0. 0. 0. 0. 0. 0. 0.]
 [0. 0. 0. 0. 0. 0. 0. 0. 0. 0.]
 [0. 0. 0. 0. 0. 0. 0. 0. 0. 0.]]",0,0.6447558403015137
23,"['0.4400', '0.3217', '0.1117', '0.2033', '0.3100', '0.1683', '0.3133', '0.3050', '0.3200', '0.3533']","['0.3288', '0.3762', '0.1393', '0.2259', '0.2233', '0.2686', '0.2970', '0.3035', '0.3227', '0.3403']","['0.4400', '0.3217', '0.1117', '0.2033', '0.3100', '0.1683', '0.3133', '0.3050', '0.3200', '0.3533']","['0.3763', '0.3468', '0.1240', '0.2140', '0.2596', '0.2070', '0.3049', '0.3042', '0.3213', '0.3467']","['0.4400', '0.3217', '0.1117', '0.2033', '0.3100', '0.1683', '0.3133', '0.3050', '0.3200', '0.3533']","['0.9002', '0.9407', '0.9233', '0.9226', '0.8802', '0.9491', '0.9176', '0.9222', '0.9254', '0.9239']","[[264, 30, 52, 23, 53, 11, 18, 28, 85, 36], [66, 193, 50, 17, 16, 8, 13, 40, 81, 116], [67, 21, 67, 62, 138, 46, 71, 69, 32, 27], [41, 29, 43, 122, 73, 52, 93, 67, 35, 45], [33, 22, 55, 52, 186, 53, 94, 66, 15, 24], [33, 19, 37, 107, 90, 101, 78, 64, 41, 30], [6, 42, 50, 72, 112, 45, 188, 40, 7, 38], [52, 20, 56, 56, 114, 33, 44, 183, 25, 17], [189, 44, 25, 13, 22, 9, 15, 13, 192, 78], [52, 93, 46, 16, 29, 18, 19, 33, 82, 212]]","[5, 8, 8, 4, 6, 7, 2, 6, 8, 1, 7, 3, 5, 3, 2, 6]","[5, 8, 8, 4, 6, 7, 2, 6, 8, 1, 7, 3, 5, 3, 2, 6]","[[0. 0. 0. 0. 0. 0. 0. 0. 0. 0.]
 [0. 0. 0. 0. 0. 0. 0. 0. 0. 0.]
 [0. 0. 0. 0. 0. 0. 0. 0. 0. 0.]
 [0. 0. 0. 0. 0. 0. 0. 0. 0. 0.]
 [0. 0. 0. 0. 0. 0. 0. 0. 0. 0.]
 [0. 0. 0. 0. 0. 0. 0. 0. 0. 0.]
 [0. 0. 0. 0. 0. 0. 0. 0. 0. 0.]
 [0. 0. 0. 0. 0. 0. 0. 0. 0. 0.]
 [0. 0. 0. 0. 0. 0. 0. 0. 0. 0.]
 [0. 0. 0. 0. 0. 0. 0. 0. 0. 0.]]",0,0.7736430466175079
24,"['0.3583', '0.2850', '0.0867', '0.2100', '0.3233', '0.2033', '0.3817', '0.2833', '0.5017', '0.2850']","['0.3832', '0.4233', '0.1333', '0.2333', '0.2205', '0.2723', '0.2925', '0.2829', '0.3326', '0.3504']","['0.3583', '0.2850', '0.0867', '0.2100', '0.3233', '0.2033', '0.3817', '0.2833', '0.5017', '0.2850']","['0.3704', '0.3406', '0.1051', '0.2211', '0.2622', '0.2328', '0.3312', '0.2831', '0.4000', '0.3143']","['0.3583', '0.2850', '0.0867', '0.2100', '0.3233', '0.2033', '0.3817', '0.2833', '0.5017', '0.2850']","['0.9359', '0.9569', '0.9374', '0.9233', '0.8730', '0.9396', '0.8974', '0.9202', '0.8881', '0.9413']","[[215, 28, 33, 21, 49, 14, 18, 38, 152, 32], [38, 171, 45, 16, 24, 18, 30, 40, 119, 99], [57, 17, 52, 66, 137, 48, 88, 57, 55, 23], [24, 16, 41, 126, 81, 54, 120, 58, 47, 33], [27, 14, 36, 60, 194, 53, 102, 73, 24, 17], [18, 13, 32, 98, 81, 122, 92, 60, 64, 20], [10, 24, 30, 62, 125, 47, 229, 43, 9, 21], [35, 8, 53, 54, 130, 44, 59, 170, 27, 20], [103, 32, 24, 18, 25, 16, 15, 14, 301, 52], [34, 81, 44, 19, 34, 32, 30, 48, 107, 171]]","[9, 1, 7, 7, 0, 7, 3, 6, 7, 3, 9, 0, 0, 5, 7, 3]","[9, 1, 7, 7, 0, 7, 3, 6, 7, 3, 9, 0, 0, 5, 7, 3]","[[0. 0. 0. 0. 0. 0. 0. 0. 0. 0.]
 [0. 0. 0. 0. 0. 0. 0. 0. 0. 0.]
 [0. 0. 0. 0. 0. 0. 0. 0. 0. 0.]
 [0. 0. 0. 0. 0. 0. 0. 0. 0. 0.]
 [0. 0. 0. 0. 0. 0. 0. 0. 0. 0.]
 [0. 0. 0. 0. 0. 0. 0. 0. 0. 0.]
 [0. 0. 0. 0. 0. 0. 0. 0. 0. 0.]
 [0. 0. 0. 0. 0. 0. 0. 0. 0. 0.]
 [0. 0. 0. 0. 0. 0. 0. 0. 0. 0.]
 [0. 0. 0. 0. 0. 0. 0. 0. 0. 0.]]",0,0.7262296974658966
25,"['0.2192', '0.3392', '0.0900', '0.1608', '0.3108', '0.1733', '0.4150', '0.2742', '0.4325', '0.4492']","['0.3768', '0.4070', '0.1646', '0.2403', '0.2254', '0.2278', '0.3103', '0.2673', '0.2811', '0.3384']","['0.2192', '0.3392', '0.0900', '0.1608', '0.3108', '0.1733', '0.4150', '0.2742', '0.4325', '0.4492']","['0.2771', '0.3700', '0.1164', '0.1927', '0.2613', '0.1969', '0.3551', '0.2707', '0.3408', '0.3860']","['0.2192', '0.3392', '0.0900', '0.1608', '0.3108', '0.1733', '0.4150', '0.2742', '0.4325', '0.4492']","['0.9597', '0.9451', '0.9493', '0.9435', '0.8813', '0.9347', '0.8975', '0.9165', '0.8771', '0.9024']","[[263, 87, 88, 25, 82, 44, 28, 83, 405, 95], [44, 407, 57, 25, 38, 18, 48, 52, 215, 296], [59, 35, 108, 75, 309, 118, 180, 135, 120, 61], [40, 55, 59, 193, 167, 120, 251, 143, 91, 81], [26, 36, 69, 73, 373, 90, 229, 158, 81, 65], [41, 23, 58, 184, 175, 208, 179, 131, 127, 74], [12, 79, 34, 70, 228, 105, 498, 94, 22, 58], [37, 48, 71, 92, 211, 114, 119, 329, 78, 101], [146, 86, 61, 30, 33, 49, 23, 30, 519, 223], [30, 144, 51, 36, 39, 47, 50, 76, 188, 539]]","[8, 2, 8, 7, 2, 6, 7, 9, 8, 2, 9, 9, 6, 9, 1, 2]","[8, 2, 8, 7, 2, 6, 7, 9, 8, 2, 9, 9, 6, 9, 1, 2]","[[0. 0. 0. 0. 0. 0. 0. 0. 0. 0.]
 [0. 0. 0. 0. 0. 0. 0. 0. 0. 0.]
 [0. 0. 0. 0. 0. 0. 0. 0. 0. 0.]
 [0. 0. 0. 0. 0. 0. 0. 0. 0. 0.]
 [0. 0. 0. 0. 0. 0. 0. 0. 0. 0.]
 [0. 0. 0. 0. 0. 0. 0. 0. 0. 0.]
 [0. 0. 0. 0. 0. 0. 0. 0. 0. 0.]
 [0. 0. 0. 0. 0. 0. 0. 0. 0. 0.]
 [0. 0. 0. 0. 0. 0. 0. 0. 0. 0.]
 [0. 0. 0. 0. 0. 0. 0. 0. 0. 0.]]",0,0.708804855744044
